epoch,time,train/box_loss,train/cls_loss,train/dfl_loss,train/angle_loss,metrics/precision(B),metrics/recall(B),metrics/mAP50(B),metrics/mAP50-95(B),val/box_loss,val/cls_loss,val/dfl_loss,val/angle_loss,lr/pg0,lr/pg1,lr/pg2
1,51.8398,2.24367,2.95857,1.13891,0.10761,0.69397,0.61891,0.6506,0.27293,1.30521,4.84086,0.71218,0.03017,0.000663265,0.000663265,0.000663265
2,83.24,1.79524,1.32314,1.02026,0.01481,0.69646,0.63897,0.66676,0.27675,1.30126,2.26461,0.7349,0.00262,0.00131677,0.00131677,0.00131677
3,113.653,1.75518,1.2317,1.00872,0.00968,0.72372,0.61546,0.65001,0.25082,1.39598,1.49843,0.75937,0.00432,0.00195707,0.00195707,0.00195707
4,144.318,1.71094,1.1795,1.00776,0.00625,0.63376,0.63324,0.6496,0.32261,1.11821,4.22027,0.70072,0.00301,0.0019406,0.0019406,0.0019406
5,175.192,1.66438,1.13628,0.98498,0.00582,0.7277,0.62025,0.70803,0.31623,1.21109,2.3553,0.679,0.00341,0.0019208,0.0019208,0.0019208
6,205.859,1.6347,1.10293,0.97621,0.00646,0.69835,0.68326,0.72138,0.34502,1.13642,2.3134,0.67134,0.00396,0.001901,0.001901,0.001901
7,236.14,1.60483,1.0737,0.97441,0.00588,0.68648,0.69914,0.72105,0.33336,1.24797,5.49704,0.69215,0.00365,0.0018812,0.0018812,0.0018812
8,266.614,1.6008,1.06258,0.96252,0.00526,0.73558,0.68481,0.75504,0.35999,1.12282,1.40541,0.67219,0.00437,0.0018614,0.0018614,0.0018614
9,297.032,1.57699,1.02951,0.96556,0.00564,0.72158,0.65616,0.73089,0.36915,1.0823,1.93293,0.67124,0.0036,0.0018416,0.0018416,0.0018416
10,327.8,1.56515,1.03269,0.94164,0.00543,0.7935,0.71567,0.77985,0.37263,1.12429,2.36673,0.67265,0.00388,0.0018218,0.0018218,0.0018218
11,358.279,1.54916,1.02597,0.9603,0.00583,0.74227,0.69054,0.7669,0.36173,1.12965,2.01731,0.66711,0.00397,0.001802,0.001802,0.001802
12,388.837,1.53542,1.01291,0.94324,0.00562,0.75732,0.74217,0.81302,0.40232,1.06694,2.17365,0.66109,0.00359,0.0017822,0.0017822,0.0017822
13,418.928,1.52924,0.99223,0.95623,0.00601,0.83054,0.67622,0.79868,0.41277,1.10154,1.49841,0.65191,0.00609,0.0017624,0.0017624,0.0017624
14,449.119,1.5109,0.98612,0.94369,0.00591,0.74055,0.74785,0.79816,0.39987,1.0979,1.79356,0.66313,0.0036,0.0017426,0.0017426,0.0017426
15,479.5,1.50604,0.98074,0.94276,0.00585,0.75304,0.73392,0.79431,0.36963,1.1919,2.27002,0.65329,0.00359,0.0017228,0.0017228,0.0017228
16,509.716,1.48359,0.9634,0.94888,0.00614,0.76154,0.70462,0.77144,0.39038,1.07466,1.68041,0.67415,0.00421,0.001703,0.001703,0.001703
17,540.608,1.48989,0.96903,0.93641,0.00574,0.76308,0.7106,0.76192,0.38283,1.10535,1.94485,0.66582,0.00346,0.0016832,0.0016832,0.0016832
18,571.842,1.49516,0.96201,0.94312,0.00604,0.84333,0.72779,0.82116,0.41611,1.11204,2.28863,0.66757,0.00486,0.0016634,0.0016634,0.0016634
19,602.888,1.48795,0.98124,0.94175,0.00607,0.7287,0.73884,0.79445,0.4135,1.03724,1.94597,0.65377,0.00479,0.0016436,0.0016436,0.0016436
20,633.721,1.47448,0.93864,0.94302,0.00618,0.74063,0.74212,0.78135,0.39709,1.0837,2.95633,0.66258,0.00403,0.0016238,0.0016238,0.0016238
21,664.483,1.46251,0.94969,0.93546,0.00617,0.72813,0.73926,0.77091,0.40508,1.09553,2.60296,0.67089,0.00298,0.001604,0.001604,0.001604
22,695.389,1.46134,0.94224,0.94162,0.00593,0.82576,0.68768,0.80002,0.40094,1.06951,1.41898,0.64257,0.00454,0.0015842,0.0015842,0.0015842
23,726.233,1.46139,0.93895,0.93563,0.00634,0.77161,0.7192,0.78436,0.36113,1.21949,2.07051,0.64717,0.00374,0.0015644,0.0015644,0.0015644
24,757.001,1.46622,0.93667,0.93778,0.00621,0.78562,0.73504,0.80522,0.37201,1.17712,1.55737,0.64761,0.00392,0.0015446,0.0015446,0.0015446
25,788.019,1.44504,0.93528,0.93259,0.00579,0.75897,0.72181,0.79152,0.41492,1.03949,3.2087,0.66313,0.00425,0.0015248,0.0015248,0.0015248
26,818.987,1.44623,0.92969,0.93807,0.00622,0.74209,0.73376,0.78655,0.40436,1.1263,2.84604,0.66841,0.00431,0.001505,0.001505,0.001505
27,849.451,1.43743,0.91613,0.94229,0.00677,0.77647,0.74647,0.81584,0.42076,1.10556,1.82319,0.64831,0.00534,0.0014852,0.0014852,0.0014852
28,880.456,1.43812,0.90944,0.93425,0.00617,0.76129,0.70487,0.7729,0.37299,1.17915,3.20148,0.6691,0.00463,0.0014654,0.0014654,0.0014654
29,911.135,1.42505,0.9059,0.93191,0.00623,0.82055,0.73066,0.8264,0.41868,1.09228,1.8021,0.6478,0.00462,0.0014456,0.0014456,0.0014456
30,941.878,1.42631,0.9071,0.93612,0.00625,0.80555,0.72409,0.81066,0.43813,0.99705,1.72212,0.66729,0.00404,0.0014258,0.0014258,0.0014258
31,972.684,1.41067,0.89879,0.92778,0.00617,0.78386,0.67049,0.77151,0.36223,1.14462,2.43645,0.65509,0.00432,0.001406,0.001406,0.001406
32,1003.37,1.43508,0.9179,0.92665,0.00651,0.79151,0.72779,0.79589,0.40072,1.15033,2.34261,0.66417,0.00431,0.0013862,0.0013862,0.0013862
33,1033.75,1.41711,0.89961,0.93462,0.00655,0.83646,0.73926,0.82198,0.41243,1.11129,1.85911,0.65789,0.00506,0.0013664,0.0013664,0.0013664
34,1064.32,1.42001,0.9073,0.93146,0.00684,0.8619,0.72206,0.83011,0.42463,1.08557,1.9092,0.66549,0.00491,0.0013466,0.0013466,0.0013466
35,1095.11,1.40435,0.89632,0.93086,0.00654,0.78208,0.74212,0.80423,0.41941,1.08248,1.63779,0.66161,0.0049,0.0013268,0.0013268,0.0013268
36,1125.72,1.40158,0.88751,0.92552,0.00664,0.78035,0.75072,0.83794,0.44463,1.06884,1.80439,0.66424,0.00505,0.001307,0.001307,0.001307
37,1156.63,1.40547,0.87819,0.93082,0.00644,0.77809,0.73352,0.79923,0.4037,1.11046,2.24231,0.65605,0.00452,0.0012872,0.0012872,0.0012872
38,1187.44,1.40372,0.88311,0.92344,0.00658,0.84765,0.73336,0.84043,0.45745,1.05071,2.0303,0.64889,0.00468,0.0012674,0.0012674,0.0012674
39,1217.98,1.38909,0.87514,0.93371,0.00637,0.84362,0.75741,0.82852,0.44947,1.04884,1.84738,0.66039,0.005,0.0012476,0.0012476,0.0012476
40,1248.3,1.40677,0.884,0.92495,0.00678,0.78009,0.73926,0.80908,0.39201,1.13502,2.31318,0.662,0.00483,0.0012278,0.0012278,0.0012278
41,1279.07,1.39479,0.87725,0.92669,0.00655,0.78474,0.74165,0.80959,0.41154,1.08273,2.15703,0.66228,0.00453,0.001208,0.001208,0.001208
42,1309.54,1.37978,0.8691,0.9278,0.00646,0.7804,0.74499,0.81377,0.43069,1.07691,1.82059,0.65957,0.005,0.0011882,0.0011882,0.0011882
43,1340.2,1.38496,0.88306,0.92679,0.00658,0.81646,0.76504,0.84375,0.4269,1.04185,1.39112,0.65634,0.00487,0.0011684,0.0011684,0.0011684
44,1371.17,1.3886,0.87962,0.9225,0.0066,0.75635,0.72047,0.77999,0.38462,1.12904,1.95474,0.657,0.00485,0.0011486,0.0011486,0.0011486
45,1402.31,1.38105,0.86935,0.9293,0.00648,0.79361,0.76023,0.82747,0.44167,1.01897,1.74027,0.66762,0.00499,0.0011288,0.0011288,0.0011288
46,1433.2,1.36861,0.86452,0.93268,0.00689,0.82427,0.76791,0.85028,0.45574,1.00947,2.05621,0.66357,0.00525,0.001109,0.001109,0.001109
47,1464.2,1.38246,0.85402,0.92662,0.00692,0.84225,0.73434,0.83938,0.42818,1.05568,1.81949,0.66509,0.00494,0.0010892,0.0010892,0.0010892
48,1495.03,1.38444,0.86873,0.92187,0.00669,0.75665,0.74785,0.80547,0.38131,1.10795,1.88854,0.6635,0.00486,0.0010694,0.0010694,0.0010694
49,1526.09,1.38028,0.8641,0.92567,0.00701,0.79854,0.74499,0.82852,0.44375,1.016,1.50511,0.64971,0.00531,0.0010496,0.0010496,0.0010496
50,1556.75,1.36695,0.86177,0.92229,0.00691,0.8166,0.72719,0.82752,0.42246,1.03901,1.74983,0.66175,0.00538,0.0010298,0.0010298,0.0010298
51,1587.67,1.3796,0.86076,0.92224,0.00715,0.82076,0.74212,0.84596,0.46257,1.01323,1.80737,0.66614,0.00614,0.00101,0.00101,0.00101
52,1618.49,1.36784,0.85955,0.91798,0.00687,0.81897,0.76479,0.83877,0.44159,1.04115,1.49232,0.66495,0.00559,0.0009902,0.0009902,0.0009902
53,1649.37,1.3679,0.85666,0.92739,0.00619,0.79126,0.75072,0.82948,0.41679,1.08045,1.87605,0.65491,0.00475,0.0009704,0.0009704,0.0009704
54,1680.45,1.36687,0.85759,0.92607,0.00679,0.80609,0.74785,0.84106,0.43821,1.02122,1.77065,0.66116,0.00533,0.0009506,0.0009506,0.0009506
55,1711.36,1.3473,0.83717,0.92228,0.00669,0.81611,0.73926,0.82528,0.43882,1.05099,1.53009,0.66058,0.00555,0.0009308,0.0009308,0.0009308
56,1742.28,1.36176,0.84831,0.9173,0.00671,0.79962,0.75467,0.83672,0.44367,1.02878,1.64877,0.65675,0.00514,0.000911,0.000911,0.000911
57,1773.2,1.3461,0.83464,0.92669,0.00675,0.83822,0.74499,0.83016,0.4442,1.02016,1.78692,0.64838,0.00555,0.0008912,0.0008912,0.0008912
58,1803.82,1.35582,0.84688,0.92272,0.00683,0.82105,0.7625,0.85068,0.45034,1.0042,1.57633,0.66082,0.00493,0.0008714,0.0008714,0.0008714
59,1834.65,1.3476,0.84491,0.92183,0.00743,0.81731,0.73639,0.82806,0.43991,0.99756,1.47616,0.65934,0.00556,0.0008516,0.0008516,0.0008516
60,1865.28,1.35843,0.84649,0.92372,0.00692,0.80255,0.75072,0.82844,0.42928,1.04701,1.83596,0.65527,0.00552,0.0008318,0.0008318,0.0008318
61,1896.7,1.35276,0.83288,0.92191,0.00716,0.77931,0.78223,0.84629,0.44532,1.01462,1.8273,0.65458,0.00556,0.000812,0.000812,0.000812
62,1928.25,1.35919,0.84442,0.91813,0.00704,0.83447,0.72493,0.8298,0.43416,1.02846,1.49383,0.66083,0.00551,0.0007922,0.0007922,0.0007922
63,1959.15,1.34007,0.83395,0.92755,0.00698,0.81419,0.73066,0.83918,0.43137,1.04131,1.83081,0.65658,0.00522,0.0007724,0.0007724,0.0007724
64,1990.03,1.34678,0.83849,0.92037,0.00702,0.80738,0.74463,0.83745,0.44962,1.01949,1.50476,0.65981,0.0056,0.0007526,0.0007526,0.0007526
65,2020.76,1.35005,0.83025,0.92178,0.00724,0.81913,0.74499,0.84306,0.44874,1.02488,1.6723,0.66067,0.00557,0.0007328,0.0007328,0.0007328
66,2051.82,1.34327,0.82828,0.91603,0.00735,0.83831,0.74785,0.84071,0.45371,1.02246,1.54661,0.65301,0.00577,0.000713,0.000713,0.000713
67,2082.62,1.34365,0.84318,0.91846,0.00711,0.83108,0.73639,0.8374,0.46077,0.98953,1.53374,0.64947,0.00563,0.0006932,0.0006932,0.0006932
68,2113.75,1.32202,0.81575,0.92378,0.00697,0.82673,0.73827,0.833,0.46242,0.99646,1.66597,0.65198,0.00528,0.0006734,0.0006734,0.0006734
69,2144.66,1.32367,0.82463,0.91186,0.00679,0.80265,0.74583,0.83595,0.45145,1.00384,1.49288,0.65779,0.00566,0.0006536,0.0006536,0.0006536
70,2175.86,1.32815,0.81886,0.91601,0.00706,0.81525,0.73639,0.82622,0.4495,1.02821,1.7066,0.65534,0.0054,0.0006338,0.0006338,0.0006338
71,2206.85,1.32181,0.81415,0.91531,0.00704,0.8418,0.73066,0.83718,0.46204,1.00633,1.55349,0.6499,0.00573,0.000614,0.000614,0.000614
72,2237.84,1.31221,0.79962,0.92003,0.00715,0.82405,0.73809,0.84016,0.46047,1.02915,1.63604,0.65313,0.00568,0.0005942,0.0005942,0.0005942
73,2268.6,1.32075,0.82416,0.92309,0.00753,0.83193,0.72332,0.83669,0.44859,1.01701,1.63734,0.65528,0.00586,0.0005744,0.0005744,0.0005744
74,2299.45,1.31615,0.80331,0.91406,0.00728,0.80517,0.74604,0.84596,0.44937,1.03142,1.50693,0.65379,0.00547,0.0005546,0.0005546,0.0005546
75,2330.41,1.31782,0.80832,0.91209,0.00747,0.83373,0.72493,0.84078,0.45427,1.01589,1.59559,0.6589,0.0056,0.0005348,0.0005348,0.0005348
76,2361.23,1.31973,0.80544,0.91444,0.00742,0.79415,0.75931,0.83884,0.4641,0.99006,1.63789,0.66307,0.00576,0.000515,0.000515,0.000515
77,2392.1,1.32334,0.81365,0.91437,0.00742,0.76787,0.77364,0.837,0.45579,1.00624,1.85172,0.65903,0.00569,0.0004952,0.0004952,0.0004952
78,2423.17,1.31415,0.80866,0.9091,0.00732,0.78688,0.76791,0.83952,0.45413,1.02052,1.75486,0.65839,0.0058,0.0004754,0.0004754,0.0004754
79,2454.05,1.30371,0.7993,0.91938,0.00715,0.81061,0.7481,0.83548,0.44859,1.01539,1.70512,0.66296,0.00575,0.0004556,0.0004556,0.0004556
80,2484.68,1.30742,0.80076,0.91553,0.00774,0.79174,0.78432,0.84349,0.45551,0.99922,1.67745,0.6569,0.00592,0.0004358,0.0004358,0.0004358
81,2515.21,1.30439,0.79952,0.91525,0.00743,0.80886,0.76218,0.845,0.45011,1.00429,1.65603,0.65852,0.00583,0.000416,0.000416,0.000416
82,2546.1,1.3088,0.79422,0.91471,0.0073,0.78218,0.76791,0.83893,0.44956,0.9928,1.58036,0.66109,0.0059,0.0003962,0.0003962,0.0003962
83,2576.81,1.30336,0.79583,0.91789,0.00729,0.80106,0.77303,0.84181,0.45704,0.97869,1.87313,0.66072,0.00585,0.0003764,0.0003764,0.0003764
84,2607.17,1.28654,0.79464,0.91329,0.00755,0.7985,0.78223,0.83567,0.45209,0.97715,1.80408,0.66419,0.00601,0.0003566,0.0003566,0.0003566
85,2637.86,1.3031,0.8006,0.91068,0.00733,0.8232,0.75358,0.84167,0.45748,0.97752,1.70596,0.66108,0.00587,0.0003368,0.0003368,0.0003368
86,2668.55,1.29839,0.78721,0.91605,0.00745,0.79663,0.76504,0.83069,0.44275,1.00203,1.78714,0.66266,0.00587,0.000317,0.000317,0.000317
87,2699.2,1.28386,0.78684,0.91169,0.00737,0.78413,0.78061,0.82442,0.44242,0.98873,1.79088,0.66073,0.00578,0.0002972,0.0002972,0.0002972
88,2729.89,1.28312,0.7895,0.90808,0.00748,0.79699,0.77616,0.83197,0.45233,0.98329,1.79859,0.66095,0.00595,0.0002774,0.0002774,0.0002774
89,2760.78,1.29693,0.78962,0.91044,0.00772,0.78209,0.78155,0.83043,0.44801,0.98559,1.80597,0.65993,0.0061,0.0002576,0.0002576,0.0002576
90,2791.55,1.2842,0.78945,0.91406,0.00778,0.78486,0.77077,0.83412,0.44911,0.99886,1.75507,0.65812,0.00621,0.0002378,0.0002378,0.0002378
91,2818.45,1.24913,0.75151,0.93706,0.00737,0.83339,0.75358,0.83754,0.45204,1.01765,1.75182,0.65513,0.00604,0.000218,0.000218,0.000218
92,2844.28,1.24024,0.74742,0.93721,0.00771,0.82856,0.75358,0.84041,0.45403,1.02318,1.75819,0.65133,0.006,0.0001982,0.0001982,0.0001982
93,2869.9,1.21938,0.7353,0.92844,0.00753,0.8299,0.75645,0.83842,0.45279,1.00535,1.75931,0.65339,0.00594,0.0001784,0.0001784,0.0001784
94,2895.71,1.23822,0.73514,0.94029,0.0079,0.85005,0.76343,0.84241,0.46119,0.99547,1.73574,0.64946,0.00612,0.0001586,0.0001586,0.0001586
95,2921.12,1.23941,0.74542,0.93589,0.00767,0.84738,0.76504,0.84759,0.45689,1.0018,1.73812,0.65093,0.00602,0.0001388,0.0001388,0.0001388
96,2947.06,1.21423,0.73007,0.93087,0.00719,0.84746,0.75645,0.84567,0.45049,1.00933,1.76785,0.65069,0.0059,0.000119,0.000119,0.000119
97,2973.1,1.21632,0.72599,0.9324,0.00761,0.84203,0.76364,0.84721,0.44923,1.0204,1.76928,0.65098,0.00597,9.92e-05,9.92e-05,9.92e-05
98,2998.98,1.21593,0.72822,0.93837,0.00755,0.84998,0.76304,0.84971,0.44888,1.0208,1.72315,0.65094,0.00585,7.94e-05,7.94e-05,7.94e-05
99,3024.84,1.21932,0.72738,0.93641,0.00738,0.85232,0.76068,0.84945,0.44966,1.00814,1.70111,0.65269,0.00586,5.96e-05,5.96e-05,5.96e-05
100,3051.05,1.2159,0.72951,0.93098,0.00759,0.84725,0.76287,0.85046,0.45053,1.00956,1.6997,0.65362,0.00582,3.98e-05,3.98e-05,3.98e-05
